{
  "ensemble_f1": 0.9945252792475014,
  "ensemble_auc": 0.9990375812733563,
  "training_samples": 195254,
  "test_samples": 48814,
  "max_features": 8000,
  "used_gpu": false,
  "skip_nn": false,
  "nn_sample": 0.1,
  "nn_f1": 0.9744525547445255,
  "nn_auc": 0.9939159958230915,
  "nn_train_samples": 19525,
  "nn_test_samples": 4881
}