{
  "ensemble_f1": 0.9972003086949065,
  "ensemble_auc": 0.9999706724215354,
  "training_samples": 1465003,
  "test_samples": 366251,
  "max_features": 8000,
  "used_gpu": false,
  "skip_nn": false,
  "nn_sample": 0.1,
  "nn_f1": 0.9968786998170273,
  "nn_auc": 0.9999650010675686,
  "nn_train_samples": 146500,
  "nn_test_samples": 36625
}