{
  "f1_score": 0.9968863518422418,
  "auc_score": 0.9999677752047584,
  "training_samples": 73250,
  "test_samples": 18313,
  "model_type": "rf_xgb_ensemble",
  "sample_fraction": 0.05,
  "max_features": 4000,
  "n_estimators": 35
}